{
  "sources": [
    {
      "id": "e5e55d44-f75b-40b7-bb38-369b62eb99f9",
      "name": "RentalBikesDatasource",
      "type": "SampleData",
      "properties": {
        "type": "Bicycles"
      }
    }
  ],
  "destinations": [
    {
      "id": "{EVENTHOUSE_ID}",
      "name": "RentalBikes",
      "type": "Eventhouse",
      "properties": {
        "dataIngestionMode": "ProcessedIngestion",
        "workspaceId": "{WORKSPACE_ID}",
        "itemId": "{KQL_DATABASE_ID}",
        "databaseName": "{KQL_DATABASE_NAME}",
        "tableName": "RawData",
        "inputSerialization": {
          "type": "Json",
          "properties": {
            "encoding": "UTF8"
          }
        }
      },
      "inputNodes": [
        {
          "name": "TutorialTransform"
        }
      ],
      "inputSchemas": [
        {
          "name": "TutorialTransform",
          "schema": {
            "columns": [
              {
                "name": "BikepointID",
                "type": "Nvarchar(max)",
                "fields": null,
                "items": null
              },
              {
                "name": "Street",
                "type": "Nvarchar(max)",
                "fields": null,
                "items": null
              },
              {
                "name": "Neighbourhood",
                "type": "Nvarchar(max)",
                "fields": null,
                "items": null
              },
              {
                "name": "Latitude",
                "type": "Float",
                "fields": null,
                "items": null
              },
              {
                "name": "Longitude",
                "type": "Float",
                "fields": null,
                "items": null
              },
              {
                "name": "No_Bikes",
                "type": "BigInt",
                "fields": null,
                "items": null
              },
              {
                "name": "No_Empty_Docks",
                "type": "BigInt",
                "fields": null,
                "items": null
              },
              {
                "name": "Timestamp",
                "type": "DateTime",
                "fields": null,
                "items": null
              }
            ]
          }
        }
      ]
    }
  ],
  "streams": [
    {
      "id": "696699ec-0a5a-4c11-b813-a1e70a27e2b1",
      "name": "new_event_stream-stream",
      "type": "DefaultStream",
      "properties": {},
      "inputNodes": [
        {
          "name": "TutorialSource"
        }
      ]
    }
  ],
  "operators": [
    {
      "name": "TutorialTransform",
      "type": "ManageFields",
      "inputNodes": [
        {
          "name": "new_event_stream-stream"
        }
      ],
      "properties": {
        "columns": [
          {
            "type": "Rename",
            "properties": {
              "column": {
                "expressionType": "ColumnReference",
                "node": null,
                "columnName": "BikepointID",
                "columnPathSegments": []
              }
            },
            "alias": "BikepointID"
          },
          {
            "type": "Rename",
            "properties": {
              "column": {
                "expressionType": "ColumnReference",
                "node": null,
                "columnName": "Street",
                "columnPathSegments": []
              }
            },
            "alias": "Street"
          },
          {
            "type": "Rename",
            "properties": {
              "column": {
                "expressionType": "ColumnReference",
                "node": null,
                "columnName": "Neighbourhood",
                "columnPathSegments": []
              }
            },
            "alias": "Neighbourhood"
          },
          {
            "type": "Rename",
            "properties": {
              "column": {
                "expressionType": "ColumnReference",
                "node": null,
                "columnName": "Latitude",
                "columnPathSegments": []
              }
            },
            "alias": "Latitude"
          },
          {
            "type": "Rename",
            "properties": {
              "column": {
                "expressionType": "ColumnReference",
                "node": null,
                "columnName": "Longitude",
                "columnPathSegments": []
              }
            },
            "alias": "Longitude"
          },
          {
            "type": "Rename",
            "properties": {
              "column": {
                "expressionType": "ColumnReference",
                "node": null,
                "columnName": "No_Bikes",
                "columnPathSegments": []
              }
            },
            "alias": "No_Bikes"
          },
          {
            "type": "Rename",
            "properties": {
              "column": {
                "expressionType": "ColumnReference",
                "node": null,
                "columnName": "No_Empty_Docks",
                "columnPathSegments": []
              }
            },
            "alias": "No_Empty_Docks"
          },
          {
            "type": "FunctionCall",
            "properties": {
              "functionName": "SystemTimestamp",
              "arguments": []
            },
            "alias": "Timestamp"
          }
        ]
      },
      "inputSchemas": [
        {
          "name": "new_event_stream-stream",
          "schema": {
            "columns": [
              {
                "name": "BikepointID",
                "type": "Nvarchar(max)",
                "fields": null,
                "items": null
              },
              {
                "name": "Street",
                "type": "Nvarchar(max)",
                "fields": null,
                "items": null
              },
              {
                "name": "Neighbourhood",
                "type": "Nvarchar(max)",
                "fields": null,
                "items": null
              },
              {
                "name": "Latitude",
                "type": "Float",
                "fields": null,
                "items": null
              },
              {
                "name": "Longitude",
                "type": "Float",
                "fields": null,
                "items": null
              },
              {
                "name": "No_Bikes",
                "type": "BigInt",
                "fields": null,
                "items": null
              },
              {
                "name": "No_Empty_Docks",
                "type": "BigInt",
                "fields": null,
                "items": null
              }
            ]
          }
        }
      ]
    }
  ],
  "compatibilityLevel": "1.0"
}