{
  "name": "NewExecutive",
  "dataColors": [
    "#3257A8",
    "#37A794",
    "#8B3D88",
    "#DD6B7F",
    "#6B91C9",
    "#F5C869",
    "#77C4A8",
    "#DEA6CF",
    "#597CF4",
    "#4AC5BB",
    "#BA4AC5",
    "#C54A53",
    "#4A53C5",
    "#FEE266",
    "#3E9B80",
    "#C54A91",
    "#2545B5",
    "#05A595",
    "#801689",
    "#89161E",
    "#161F89",
    "#BDA750",
    "#047257",
    "#891658",
    "#182D79",
    "#0F5C55",
    "#540F5C",
    "#5C0F15",
    "#0F155C",
    "#7E6F36",
    "#074B3F",
    "#5C0F3C"
  ],
  "tableAccent": "#3257A8",
  "maximum": "#3257A8",
  "center": "#DD6B7F",
  "minimum": "#D1DBF1"
}