{
  "queryset": {
    "version": "1.0.0",
    "dataSources": [
      {
        "id": "c2434bf8-25bb-4aa0-8746-db470533adaf",
        "clusterUri": "{QUERY_SERVICE_URI}",
        "type": "Fabric",
        "databaseItemId": "{KQL_DATABASE_ID}",
        "databaseItemName": "{KQL_DATABASE_NAME}"
      }
    ],
    "tabs": [
      {
        "id": "ccd7b90c-51fe-429f-a853-385b02bd74c9",
        "content": "RawData\n| summarize arg_max(Timestamp, No_Bikes,  No_Empty_Docks, Neighbourhood, Lat=todouble(Latitude), Lon=todouble(Longitude)) by BikepointID",
        "title": "Tabular Tab",
        "dataSourceId": "c2434bf8-25bb-4aa0-8746-db470533adaf"
      }
    ]
  }
}