{
  "name": "Create Lakehouse Tables",
  "objectId": "edbfaf76-12c7-40f8-85a2-c32f006724bf",
  "properties": {
    "activities": [
      {
        "name": "Copy sales data files to lakehouse",
        "type": "Copy",
        "dependsOn": [],
        "policy": {
          "timeout": "0.12:00:00",
          "retry": 0,
          "retryIntervalInSeconds": 30,
          "secureOutput": false,
          "secureInput": false
        },
        "typeProperties": {
          "source": {
            "type": "DelimitedTextSource",
            "storeSettings": {
              "type": "AzureBlobFSReadSettings",
              "recursive": true,
              "wildcardFolderPath": "{CONTAINER_PATH}",
              "wildcardFileName": "*.csv",
              "enablePartitionDiscovery": false
            },
            "formatSettings": {
              "type": "DelimitedTextReadSettings"
            },
            "datasetSettings": {
              "annotations": [],
              "type": "DelimitedText",
              "typeProperties": {
                "location": {
                  "type": "AzureBlobFSLocation",
                  "fileSystem": "{CONTAINER_NAME}"
                },
                "columnDelimiter": ",",
                "escapeChar": "\\",
                "firstRowAsHeader": true,
                "quoteChar": "\""
              },
              "schema": [],
              "externalReferences": {
                "connection": "{CONNECTION_ID}"
              }
            }
          },
          "sink": {
            "type": "DelimitedTextSink",
            "storeSettings": {
              "type": "LakehouseWriteSettings"
            },
            "formatSettings": {
              "type": "DelimitedTextWriteSettings",
              "quoteAllText": true,
              "fileExtension": ".txt"
            },
            "datasetSettings": {
              "annotations": [],
              "linkedService": {
                "name": "sales",
                "properties": {
                  "annotations": [],
                  "type": "Lakehouse",
                  "typeProperties": {
                    "workspaceId": "{WORKSPACE_ID}",
                    "artifactId": "{LAKEHOUSE_ID}",
                    "rootFolder": "Files"
                  }
                }
              },
              "type": "DelimitedText",
              "typeProperties": {
                "location": {
                  "type": "LakehouseLocation",
                  "fileName": {
                    "value": "@pipeline()?.TriggerEvent?.FileName",
                    "type": "Expression"
                  },
                  "folderPath": "sales-data"
                },
                "columnDelimiter": ",",
                "escapeChar": "\\",
                "firstRowAsHeader": true,
                "quoteChar": "\""
              },
              "schema": []
            }
          },
          "enableStaging": false,
          "translator": {
            "type": "TabularTranslator",
            "typeConversion": true,
            "typeConversionSettings": {
              "allowDataTruncation": true,
              "treatBooleanAsNumber": false
            }
          }
        }
      },
      {
        "name": "Run notebook Build Silver Layer",
        "type": "TridentNotebook",
        "dependsOn": [
          {
            "activity": "Copy sales data files to lakehouse",
            "dependencyConditions": [
              "Succeeded"
            ]
          }
        ],
        "policy": {
          "timeout": "0.12:00:00",
          "retry": 0,
          "retryIntervalInSeconds": 30,
          "secureOutput": false,
          "secureInput": false
        },
        "typeProperties": {
          "notebookId": "{NOTEBOOK_ID_BUILD_SILVER}",
          "workspaceId": "{WORKSPACE_ID}"
        }
      },
      {
        "name": "Run notebook Build Gold Layer",
        "type": "TridentNotebook",
        "dependsOn": [
          {
            "activity": "Run notebook Build Silver Layer",
            "dependencyConditions": [
              "Succeeded"
            ]
          }
        ],
        "policy": {
          "timeout": "0.12:00:00",
          "retry": 0,
          "retryIntervalInSeconds": 30,
          "secureOutput": false,
          "secureInput": false
        },
        "typeProperties": {
          "notebookId": "{NOTEBOOK_ID_BUILD_GOLD}",
          "workspaceId": "{WORKSPACE_ID}"
        }
      }
    ]
  }
}