{
  "exportName": "Custom Notebook Solution V1",
  "solutionName": "Custom Notebook Solution",
  "comment": "Initial release with one report",
  "created": "2025-03-29T20:19:42.4910112Z",
  "sourceWorkspaceId": "bd6fb0b1-47b8-4fcb-ba41-76292775c72d",
  "sourceWorkspaceDescription": "Custom Notebook Solution",
  "sourceItems": [
    {
      "id": "e0b7fefe-ff4f-41f4-8415-2baec4ded36e",
      "displayName": "sales",
      "type": "Lakehouse"
    },
    {
      "id": "5948e107-fe92-407d-98ae-d8d7eec1764b",
      "displayName": "Create Lakehouse Tables",
      "type": "Notebook"
    },
    {
      "id": "c67b59fa-719a-497d-a390-ff98e947dadd",
      "displayName": "Product Sales DirectLake Model",
      "type": "SemanticModel"
    },
    {
      "id": "497c96fc-ea5e-49d2-9d71-80b43448dcec",
      "displayName": "Product Sales Summary",
      "type": "Report"
    }
  ],
  "sourceLakehouses": [
    {
      "id": "e0b7fefe-ff4f-41f4-8415-2baec4ded36e",
      "displayName": "sales",
      "server": "4zzdkw4hunvuhp4ttpl5hvkkzm-wgyg7pnyi7fu7osboyuso5ohfu.datawarehouse.fabric.microsoft.com",
      "database": "a25c46ee-90a8-4e70-856e-ef792dd1ac7a",
      "shortcuts": null
    }
  ],
  "sourceConnections": [
    {
      "id": "3eca3a71-e82b-4584-8b85-66262137996b",
      "displayName": "Web",
      "type": "Web",
      "path": "https://fabricdevcamp.blob.core.windows.net/sampledata/ProductSales/Dev",
      "credentialType": "Anonymous"
    },
    {
      "id": "bd117f5d-efc8-4404-b5a7-deb4bd88848b",
      "displayName": "Lakehouse[sales]",
      "type": "SQL",
      "path": "4zzdkw4hunvuhp4ttpl5hvkkzm-wgyg7pnyi7fu7osboyuso5ohfu.datawarehouse.fabric.microsoft.com;a25c46ee-90a8-4e70-856e-ef792dd1ac7a",
      "credentialType": "ServicePrincipal"
    }
  ]
}