{
  "config": "{\"version\":\"5.59\",\"themeCollection\":{\"baseTheme\":{\"name\":\"CY24SU10\",\"version\":\"5.61\",\"type\":2}},\"activeSectionIndex\":0,\"bookmarks\":[{\"displayName\":\"GoToSalesSummary\",\"name\":\"Bookmark6f5e36cc8e2f3a092c1a\",\"explorationState\":{\"version\":\"1.3\",\"activeSection\":\"ReportSection\",\"filters\":{\"byExpr\":[{\"name\":\"Filterc78765fc0917a6c3c326\",\"type\":\"Categorical\",\"filter\":{\"Version\":2,\"From\":[{\"Name\":\"l\",\"Entity\":\"Languages\",\"Type\":0}],\"Where\":[{\"Condition\":{\"In\":{\"Expressions\":[{\"Column\":{\"Expression\":{\"SourceRef\":{\"Source\":\"l\"}},\"Property\":\"Language\"}}],\"Values\":[[{\"Literal\":{\"Value\":\"'English'\"}}]]}}}]},\"expression\":{\"Column\":{\"Expression\":{\"SourceRef\":{\"Entity\":\"Languages\"}},\"Property\":\"Language\"}},\"howCreated\":1}]},\"sections\":{\"ReportSection\":{\"visualContainers\":{}}},\"objects\":{\"merge\":{\"outspacePane\":[{\"properties\":{\"expanded\":{\"expr\":{\"Literal\":{\"Value\":\"false\"}}},\"visible\":{\"expr\":{\"Literal\":{\"Value\":\"true\"}}}}}]}}},\"options\":{\"targetVisualNames\":[],\"suppressData\":true,\"suppressDisplay\":true}},{\"displayName\":\"GoToSalesByCategory\",\"name\":\"Bookmark983938c06f35d7bfb048\",\"explorationState\":{\"version\":\"1.3\",\"activeSection\":\"ReportSection3218b98f7e1a408ebb08\",\"filters\":{\"byExpr\":[{\"name\":\"Filterc78765fc0917a6c3c326\",\"type\":\"Categorical\",\"filter\":{\"Version\":2,\"From\":[{\"Name\":\"l\",\"Entity\":\"Languages\",\"Type\":0}],\"Where\":[{\"Condition\":{\"In\":{\"Expressions\":[{\"Column\":{\"Expression\":{\"SourceRef\":{\"Source\":\"l\"}},\"Property\":\"Language\"}}],\"Values\":[[{\"Literal\":{\"Value\":\"'English'\"}}]]}}}]},\"expression\":{\"Column\":{\"Expression\":{\"SourceRef\":{\"Entity\":\"Languages\"}},\"Property\":\"Language\"}},\"howCreated\":1}]},\"sections\":{\"ReportSection3218b98f7e1a408ebb08\":{\"visualContainers\":{}}},\"objects\":{\"merge\":{\"outspacePane\":[{\"properties\":{\"expanded\":{\"expr\":{\"Literal\":{\"Value\":\"false\"}}},\"visible\":{\"expr\":{\"Literal\":{\"Value\":\"true\"}}}}}]}}},\"options\":{\"targetVisualNames\":[],\"suppressData\":true,\"suppressDisplay\":true,\"applyOnlyToTargetVisuals\":false}},{\"displayName\":\"GoToSalesOverTime\",\"name\":\"Bookmarka3d919f99aefb86c5efa\",\"explorationState\":{\"version\":\"1.3\",\"activeSection\":\"ReportSectionced0a3b9a1ad955bcac6\",\"filters\":{\"byExpr\":[{\"name\":\"Filterc78765fc0917a6c3c326\",\"type\":\"Categorical\",\"filter\":{\"Version\":2,\"From\":[{\"Name\":\"l\",\"Entity\":\"Languages\",\"Type\":0}],\"Where\":[{\"Condition\":{\"In\":{\"Expressions\":[{\"Column\":{\"Expression\":{\"SourceRef\":{\"Source\":\"l\"}},\"Property\":\"Language\"}}],\"Values\":[[{\"Literal\":{\"Value\":\"'English'\"}}]]}}}]},\"expression\":{\"Column\":{\"Expression\":{\"SourceRef\":{\"Entity\":\"Languages\"}},\"Property\":\"Language\"}},\"howCreated\":1}]},\"sections\":{\"ReportSectionced0a3b9a1ad955bcac6\":{\"visualContainers\":{}}},\"objects\":{\"merge\":{\"outspacePane\":[{\"properties\":{\"expanded\":{\"expr\":{\"Literal\":{\"Value\":\"false\"}}},\"visible\":{\"expr\":{\"Literal\":{\"Value\":\"true\"}}}}}]}}},\"options\":{\"targetVisualNames\":[],\"suppressData\":true,\"suppressDisplay\":true}}],\"defaultDrillFilterOtherVisuals\":true,\"slowDataSourceSettings\":{\"isCrossHighlightingDisabled\":false,\"isSlicerSelectionsButtonEnabled\":false,\"isFilterSelectionsButtonEnabled\":false,\"isFieldWellButtonEnabled\":false,\"isApplyAllButtonEnabled\":false},\"linguisticSchemaSyncVersion\":2,\"settings\":{\"useNewFilterPaneExperience\":true,\"allowChangeFilterTypes\":true,\"useStylableVisualContainerHeader\":true,\"exportDataMode\":1,\"useDefaultAggregateDisplayName\":true,\"filterPaneHiddenInEditMode\":false,\"useEnhancedTooltips\":true},\"objects\":{\"section\":[{\"properties\":{\"verticalAlignment\":{\"expr\":{\"Literal\":{\"Value\":\"'Top'\"}}}}}],\"outspacePane\":[{\"properties\":{\"expanded\":{\"expr\":{\"Literal\":{\"Value\":\"false\"}}},\"visible\":{\"expr\":{\"Literal\":{\"Value\":\"true\"}}}}}]}}",
  "filters": "[]",
  "layoutOptimization": 0,
  "resourcePackages": [
    {
      "resourcePackage": {
        "disabled": false,
        "items": [
          {
            "name": "CY24SU10",
            "path": "BaseThemes/CY24SU10.json",
            "type": 202
          }
        ],
        "name": "SharedResources",
        "type": 2
      }
    }
  ],
  "sections": [
    {
      "config": "{}",
      "displayName": "Sales Over Time",
      "displayOption": 1,
      "filters": "[]",
      "height": 720.00,
      "name": "7f4dbdd36be6792b70db",
      "visualContainers": [
        {
          "config": "{\"name\":\"408c62e63ff26590a57c\",\"layouts\":[{\"id\":0,\"position\":{\"x\":586.0674157303371,\"y\":50.337078651685395,\"z\":2000,\"width\":693.9325842696629,\"height\":393.10861423220973,\"tabOrder\":2000}}],\"singleVisual\":{\"visualType\":\"pivotTable\",\"projections\":{\"Rows\":[{\"queryRef\":\"Products.Category\",\"active\":true},{\"queryRef\":\"Products.Product\",\"active\":true}],\"Columns\":[{\"queryRef\":\"Calendar.Year\",\"active\":true}],\"Values\":[{\"queryRef\":\"Sales.Sales Revenue\"}]},\"prototypeQuery\":{\"Version\":2,\"From\":[{\"Name\":\"c1\",\"Entity\":\"Calendar\",\"Type\":0},{\"Name\":\"p\",\"Entity\":\"Products\",\"Type\":0},{\"Name\":\"s\",\"Entity\":\"Sales\",\"Type\":0}],\"Select\":[{\"Column\":{\"Expression\":{\"SourceRef\":{\"Source\":\"c1\"}},\"Property\":\"Year\"},\"Name\":\"Calendar.Year\",\"NativeReferenceName\":\"Year\"},{\"Column\":{\"Expression\":{\"SourceRef\":{\"Source\":\"p\"}},\"Property\":\"Category\"},\"Name\":\"Products.Category\",\"NativeReferenceName\":\"Category\"},{\"Column\":{\"Expression\":{\"SourceRef\":{\"Source\":\"p\"}},\"Property\":\"Product\"},\"Name\":\"Products.Product\",\"NativeReferenceName\":\"Product\"},{\"Measure\":{\"Expression\":{\"SourceRef\":{\"Source\":\"s\"}},\"Property\":\"Sales Revenue\"},\"Name\":\"Sales.Sales Revenue\",\"NativeReferenceName\":\"Sales Revenue\"}],\"OrderBy\":[{\"Direction\":1,\"Expression\":{\"Column\":{\"Expression\":{\"SourceRef\":{\"Source\":\"p\"}},\"Property\":\"Category\"}}},{\"Direction\":1,\"Expression\":{\"Column\":{\"Expression\":{\"SourceRef\":{\"Source\":\"p\"}},\"Property\":\"Product\"}}}]},\"expansionStates\":[{\"roles\":[\"Rows\"],\"levels\":[{\"queryRefs\":[\"Products.Category\"],\"isPinned\":true},{\"queryRefs\":[\"Products.Product\"],\"isCollapsed\":true,\"isPinned\":true}],\"root\":{\"identityValues\":null}}],\"drillFilterOtherVisuals\":true,\"objects\":{\"values\":[{\"properties\":{\"fontSize\":{\"expr\":{\"Literal\":{\"Value\":\"10D\"}}}}}],\"columnHeaders\":[{\"properties\":{\"fontSize\":{\"expr\":{\"Literal\":{\"Value\":\"10D\"}}}}}],\"rowHeaders\":[{\"properties\":{\"fontSize\":{\"expr\":{\"Literal\":{\"Value\":\"10D\"}}}}}],\"columnWidth\":[{\"properties\":{\"value\":{\"expr\":{\"Literal\":{\"Value\":\"220.72609210960542D\"}}}},\"selector\":{\"metadata\":\"Products.Category\"}}]},\"vcObjects\":{\"border\":[{\"properties\":{\"show\":{\"expr\":{\"Literal\":{\"Value\":\"true\"}}}}}]}}}",
          "filters": "[]",
          "height": 393.11,
          "width": 693.93,
          "x": 586.07,
          "y": 50.34,
          "z": 2000.00
        },
        {
          "config": "{\"name\":\"4d211b8618abdfed0062\",\"layouts\":[{\"id\":0,\"position\":{\"x\":0,\"y\":10,\"z\":3000,\"width\":1280,\"height\":40,\"tabOrder\":3000}}],\"singleVisual\":{\"visualType\":\"shape\",\"drillFilterOtherVisuals\":true,\"objects\":{\"shape\":[{\"properties\":{\"tileShape\":{\"expr\":{\"Literal\":{\"Value\":\"'rectangle'\"}}}}}],\"rotation\":[{\"properties\":{\"shapeAngle\":{\"expr\":{\"Literal\":{\"Value\":\"0L\"}}}}}],\"text\":[{\"properties\":{\"show\":{\"expr\":{\"Literal\":{\"Value\":\"true\"}}}}},{\"properties\":{\"text\":{\"expr\":{\"Literal\":{\"Value\":\"'Product Sales Time Intelligence'\"}}},\"fontSize\":{\"expr\":{\"Literal\":{\"Value\":\"18D\"}}},\"fontFamily\":{\"expr\":{\"Literal\":{\"Value\":\"'''Segoe UI Bold'', wf_segoe-ui_bold, helvetica, arial, sans-serif'\"}}}},\"selector\":{\"id\":\"default\"}}],\"fill\":[{\"properties\":{\"fillColor\":{\"solid\":{\"color\":{\"expr\":{\"ThemeDataColor\":{\"ColorId\":1,\"Percent\":0}}}}}},\"selector\":{\"id\":\"default\"}}],\"outline\":[{\"properties\":{\"lineColor\":{\"solid\":{\"color\":{\"expr\":{\"ThemeDataColor\":{\"ColorId\":1,\"Percent\":0}}}}}},\"selector\":{\"id\":\"default\"}}]},\"vcObjects\":{\"title\":[{\"properties\":{\"text\":{\"expr\":{\"Literal\":{\"Value\":\"'ReportTitle'\"}}}}}]}}}",
          "filters": "[]",
          "height": 40.00,
          "width": 1280.00,
          "x": 0.00,
          "y": 10.00,
          "z": 3000.00
        },
        {
          "config": "{\"name\":\"50ee19a9b517a4733370\",\"layouts\":[{\"id\":0,\"position\":{\"x\":0,\"y\":50.337078651685395,\"z\":1000,\"width\":586.0674157303371,\"height\":393.10861423220973,\"tabOrder\":1000}}],\"singleVisual\":{\"visualType\":\"columnChart\",\"projections\":{\"Y\":[{\"queryRef\":\"Sales.Sales Revenue\"}],\"Category\":[{\"queryRef\":\"Calendar.Quarter\",\"active\":true}],\"Series\":[{\"queryRef\":\"Customers.Country\"}]},\"prototypeQuery\":{\"Version\":2,\"From\":[{\"Name\":\"s\",\"Entity\":\"Sales\",\"Type\":0},{\"Name\":\"c\",\"Entity\":\"Calendar\",\"Type\":0},{\"Name\":\"c1\",\"Entity\":\"Customers\",\"Type\":0}],\"Select\":[{\"Measure\":{\"Expression\":{\"SourceRef\":{\"Source\":\"s\"}},\"Property\":\"Sales Revenue\"},\"Name\":\"Sales.Sales Revenue\",\"NativeReferenceName\":\"Sales Revenue\"},{\"Column\":{\"Expression\":{\"SourceRef\":{\"Source\":\"c\"}},\"Property\":\"Quarter\"},\"Name\":\"Calendar.Quarter\",\"NativeReferenceName\":\"Quarter\"},{\"Column\":{\"Expression\":{\"SourceRef\":{\"Source\":\"c1\"}},\"Property\":\"Country\"},\"Name\":\"Customers.Country\",\"NativeReferenceName\":\"Country\"}],\"OrderBy\":[{\"Direction\":1,\"Expression\":{\"Column\":{\"Expression\":{\"SourceRef\":{\"Source\":\"c\"}},\"Property\":\"Quarter\"}}}]},\"drillFilterOtherVisuals\":true,\"objects\":{\"legend\":[{\"properties\":{\"position\":{\"expr\":{\"Literal\":{\"Value\":\"'Right'\"}}}}}],\"categoryAxis\":[{\"properties\":{\"showAxisTitle\":{\"expr\":{\"Literal\":{\"Value\":\"false\"}}}}}]},\"vcObjects\":{\"border\":[{\"properties\":{\"show\":{\"expr\":{\"Literal\":{\"Value\":\"true\"}}}}}],\"title\":[{\"properties\":{\"fontColor\":{\"solid\":{\"color\":{\"expr\":{\"ThemeDataColor\":{\"ColorId\":1,\"Percent\":0.6}}}}}}}]}}}",
          "filters": "[]",
          "height": 393.11,
          "width": 586.07,
          "x": 0.00,
          "y": 50.34,
          "z": 1000.00
        },
        {
          "config": "{\"name\":\"c5aa2ea2d49c2cc28b57\",\"layouts\":[{\"id\":0,\"position\":{\"x\":0,\"y\":443.44569288389516,\"z\":0,\"width\":1280,\"height\":276.85393258426967,\"tabOrder\":0}}],\"singleVisual\":{\"visualType\":\"stackedAreaChart\",\"projections\":{\"Category\":[{\"queryRef\":\"Calendar.Month\",\"active\":true}],\"Series\":[{\"queryRef\":\"Products.Category\"}],\"Y\":[{\"queryRef\":\"Sales.Sales Revenue\"}]},\"prototypeQuery\":{\"Version\":2,\"From\":[{\"Name\":\"c\",\"Entity\":\"Calendar\",\"Type\":0},{\"Name\":\"p\",\"Entity\":\"Products\",\"Type\":0},{\"Name\":\"s\",\"Entity\":\"Sales\",\"Type\":0}],\"Select\":[{\"Column\":{\"Expression\":{\"SourceRef\":{\"Source\":\"c\"}},\"Property\":\"Month\"},\"Name\":\"Calendar.Month\",\"NativeReferenceName\":\"Month\"},{\"Column\":{\"Expression\":{\"SourceRef\":{\"Source\":\"p\"}},\"Property\":\"Category\"},\"Name\":\"Products.Category\",\"NativeReferenceName\":\"Category\"},{\"Measure\":{\"Expression\":{\"SourceRef\":{\"Source\":\"s\"}},\"Property\":\"Sales Revenue\"},\"Name\":\"Sales.Sales Revenue\",\"NativeReferenceName\":\"Sales Revenue\"}],\"OrderBy\":[{\"Direction\":1,\"Expression\":{\"Column\":{\"Expression\":{\"SourceRef\":{\"Source\":\"c\"}},\"Property\":\"Month\"}}}]},\"drillFilterOtherVisuals\":true,\"objects\":{\"legend\":[{\"properties\":{\"position\":{\"expr\":{\"Literal\":{\"Value\":\"'Right'\"}}}}}],\"valueAxis\":[{\"properties\":{\"showAxisTitle\":{\"expr\":{\"Literal\":{\"Value\":\"false\"}}}}}],\"categoryAxis\":[{\"properties\":{\"showAxisTitle\":{\"expr\":{\"Literal\":{\"Value\":\"false\"}}}}}]},\"vcObjects\":{\"border\":[{\"properties\":{\"show\":{\"expr\":{\"Literal\":{\"Value\":\"true\"}}},\"width\":{\"expr\":{\"Literal\":{\"Value\":\"1D\"}}}}}],\"title\":[{\"properties\":{\"heading\":{\"expr\":{\"Literal\":{\"Value\":\"'Heading2'\"}}},\"fontColor\":{\"solid\":{\"color\":{\"expr\":{\"ThemeDataColor\":{\"ColorId\":1,\"Percent\":0.6}}}}}}}]}}}",
          "filters": "[]",
          "height": 276.85,
          "width": 1280.00,
          "x": 0.00,
          "y": 443.45,
          "z": 0.00
        }
      ],
      "width": 1280.00
    }
  ]
}