{
  "name": "Create Lakehouse Tables",
  "properties": {
    "activities": [
      {
        "name": "Copy sales data files to lakehouse",
        "type": "Copy",
        "dependsOn": [],
        "policy": {
          "timeout": "0.12:00:00",
          "retry": 0,
          "retryIntervalInSeconds": 30,
          "secureOutput": false,
          "secureInput": false
        },
        "typeProperties": {
          "source": {
            "type": "DelimitedTextSource",
            "storeSettings": {
              "type": "AzureBlobFSReadSettings",
              "recursive": true,
              "wildcardFolderPath": {
                "value": "@pipeline().libraryVariables.adls_container_path",
                "type": "Expression"
              },
              "wildcardFileName": "*.csv",
              "enablePartitionDiscovery": false
            },
            "formatSettings": {
              "type": "DelimitedTextReadSettings"
            },
            "datasetSettings": {
              "annotations": [],
              "type": "DelimitedText",
              "typeProperties": {
                "location": {
                  "type": "AzureBlobFSLocation",
                  "fileSystem": {
                    "value": "@pipeline().libraryVariables.adls_container_name",
                    "type": "Expression"
                  }
                },
                "columnDelimiter": ",",
                "escapeChar": "\\",
                "firstRowAsHeader": true,
                "quoteChar": "\""
              },
              "schema": [],
              "externalReferences": {
                "connection": "@pipeline().libraryVariables.adls_connection_id"
              }
            }
          },
          "sink": {
            "type": "DelimitedTextSink",
            "storeSettings": {
              "type": "LakehouseWriteSettings"
            },
            "formatSettings": {
              "type": "DelimitedTextWriteSettings",
              "quoteAllText": true,
              "fileExtension": ".txt"
            },
            "datasetSettings": {
              "annotations": [],
              "linkedService": {
                "name": "0e4f74d6_6ed5_4cb2_a8fc_526d22b6f679",
                "properties": {
                  "annotations": [],
                  "type": "Lakehouse",
                  "typeProperties": {
                    "workspaceId": "@pipeline().DataFactory",
                    "artifactId": "@pipeline().libraryVariables.lakehouse_id",
                    "rootFolder": "Files"
                  }
                }
              },
              "type": "DelimitedText",
              "typeProperties": {
                "location": {
                  "type": "LakehouseLocation",
                  "fileName": {
                    "value": "@pipeline()?.TriggerEvent?.FileName",
                    "type": "Expression"
                  },
                  "folderPath": "sales-data"
                },
                "columnDelimiter": ",",
                "escapeChar": "\\",
                "firstRowAsHeader": true,
                "quoteChar": "\""
              },
              "schema": []
            }
          },
          "enableStaging": false,
          "translator": {
            "type": "TabularTranslator",
            "typeConversion": true,
            "typeConversionSettings": {
              "allowDataTruncation": true,
              "treatBooleanAsNumber": false
            }
          }
        }
      },
      {
        "name": "Run notebook Build Silver Layer",
        "type": "TridentNotebook",
        "dependsOn": [
          {
            "activity": "Copy sales data files to lakehouse",
            "dependencyConditions": [
              "Succeeded"
            ]
          }
        ],
        "policy": {
          "timeout": "0.12:00:00",
          "retry": 0,
          "retryIntervalInSeconds": 30,
          "secureOutput": false,
          "secureInput": false
        },
        "typeProperties": {
          "notebookId": {
            "value": "@pipeline().libraryVariables.notebook_id_build_silver",
            "type": "Expression"
          },
          "workspaceId": {
            "value": "@pipeline().DataFactory",
            "type": "Expression"
          }
        }
      },
      {
        "name": "Run notebook Build Gold Layer",
        "type": "TridentNotebook",
        "dependsOn": [
          {
            "activity": "Run notebook Build Silver Layer",
            "dependencyConditions": [
              "Succeeded"
            ]
          }
        ],
        "policy": {
          "timeout": "0.12:00:00",
          "retry": 0,
          "retryIntervalInSeconds": 30,
          "secureOutput": false,
          "secureInput": false
        },
        "typeProperties": {
          "notebookId": {
            "value": "@pipeline().libraryVariables.notebook_id_build_gold",
            "type": "Expression"
          },
          "workspaceId": {
            "value": "@pipeline().DataFactory",
            "type": "Expression"
          }
        }
      }
    ],
    "libraryVariables": { 
      "web_datasource_path": {
        "type": "String",
        "variableName": "web_datasource_path",
        "libraryName": "SolutionConfig"
      },
    "adls_server": {
        "type": "String",
        "variableName": "adls_server",
        "libraryName": "SolutionConfig"
      },
      "adls_container_name": {
        "type": "String",
        "variableName": "adls_container_name",
        "libraryName": "SolutionConfig"
      },
      "adls_container_path": {
        "type": "String",
        "variableName": "adls_container_path",
        "libraryName": "SolutionConfig"
      },
      "lakehouse_id": {
        "type": "String",
        "variableName": "lakehouse_id",
        "libraryName": "SolutionConfig"
      },
      "adls_connection_id": {
        "type": "String",
        "variableName": "adls_connection_id",
        "libraryName": "SolutionConfig"
      },
      "notebook_id_build_silver": {
        "type": "String",
        "variableName": "notebook_id_build_silver",
        "libraryName": "SolutionConfig"
      },
      "notebook_id_build_gold": {
        "type": "String",
        "variableName": "notebook_id_build_gold",
        "libraryName": "SolutionConfig"
      }
    },
    "lastModifiedByObjectId": "e8805a8f-201d-4f06-9e35-0d0b29faebe6",
    "lastPublishTime": "2025-04-23T18:52:57Z"
  }
}