{
    "name": "Load Tables in Staging Lakehouse",
    "properties": {
        "activities": [
            {
                "name": "Copy_products",
                "type": "Copy",
                "dependsOn": [],
                "policy": {
                    "timeout": "0.12:00:00",
                    "retry": 0,
                    "retryIntervalInSeconds": 30,
                    "secureOutput": false,
                    "secureInput": false
                },
                "typeProperties": {
                    "source": {
                        "type": "DelimitedTextSource",
                        "storeSettings": {
                            "type": "AzureBlobFSReadSettings",
                            "recursive": true,
                            "enablePartitionDiscovery": false
                        },
                        "formatSettings": {
                            "type": "DelimitedTextReadSettings",
                            "skipLineCount": 0
                        },
                        "datasetSettings": {
                            "annotations": [],
                            "type": "DelimitedText",
                            "typeProperties": {
                                "location": {
                                    "type": "AzureBlobFSLocation",
                                    "fileName": "Products.csv",
                                    "folderPath": "{CONTAINER_PATH}",
                                    "fileSystem": "{CONTAINER_NAME}"
                                },
                                "columnDelimiter": ",",
                                "escapeChar": "\\",
                                "firstRowAsHeader": true,
                                "quoteChar": "\""
                            },
                            "schema": [],
                            "externalReferences": {
                                "connection": "{CONNECTION_ID}"
                            }
                        }
                    },
                    "sink": {
                        "type": "LakehouseTableSink",
                        "tableActionOption": "Overwrite",
                        "partitionOption": "None",
                        "datasetSettings": {
                            "annotations": [],
                            "linkedService": {
                                "name": "staging",
                                "properties": {
                                    "annotations": [],
                                    "type": "Lakehouse",
                                    "typeProperties": {
                                        "workspaceId": "{WORKSPACE_ID}",
                                        "artifactId": "{LAKEHOUSE_ID}",
                                        "rootFolder": "Tables"
                                    }
                                }
                            },
                            "type": "LakehouseTable",
                            "schema": [],
                            "typeProperties": {
                                "table": "products"
                            }
                        }
                    },
                    "enableStaging": false,
                    "translator": {
                        "type": "TabularTranslator",
                        "mappings": [
                            {
                                "source": {
                                    "name": "ProductId",
                                    "type": "String",
                                    "physicalType": "String"
                                },
                                "sink": {
                                    "name": "ProductId",
                                    "physicalType": "integer"
                                }
                            },
                            {
                                "source": {
                                    "name": "Product",
                                    "type": "String",
                                    "physicalType": "String"
                                },
                                "sink": {
                                    "name": "Product",
                                    "physicalType": "string"
                                }
                            },
                            {
                                "source": {
                                    "name": "Category",
                                    "type": "String",
                                    "physicalType": "String"
                                },
                                "sink": {
                                    "name": "Category",
                                    "physicalType": "string"
                                }
                            }
                        ],
                        "typeConversion": true,
                        "typeConversionSettings": {
                            "allowDataTruncation": true,
                            "treatBooleanAsNumber": false
                        }
                    }
                }
            },
            {
                "name": "Copy_customers",
                "type": "Copy",
                "dependsOn": [],
                "policy": {
                    "timeout": "0.12:00:00",
                    "retry": 0,
                    "retryIntervalInSeconds": 30,
                    "secureOutput": false,
                    "secureInput": false
                },
                "typeProperties": {
                    "source": {
                        "type": "DelimitedTextSource",
                        "storeSettings": {
                            "type": "AzureBlobFSReadSettings",
                            "recursive": true,
                            "enablePartitionDiscovery": false
                        },
                        "formatSettings": {
                            "type": "DelimitedTextReadSettings",
                            "skipLineCount": 0
                        },
                        "datasetSettings": {
                            "annotations": [],
                            "type": "DelimitedText",
                            "typeProperties": {
                                "location": {
                                    "type": "AzureBlobFSLocation",
                                    "fileName": "Customers.csv",
                                    "folderPath": "{CONTAINER_PATH}",
                                    "fileSystem": "{CONTAINER_NAME}"
                                },
                                "columnDelimiter": ",",
                                "escapeChar": "\\",
                                "firstRowAsHeader": true,
                                "quoteChar": "\""
                            },
                            "schema": [],
                            "externalReferences": {
                                "connection": "{CONNECTION_ID}"
                            }
                        }
                    },
                    "sink": {
                        "type": "LakehouseTableSink",
                        "tableActionOption": "Overwrite",
                        "partitionOption": "None",
                        "datasetSettings": {
                            "annotations": [],
                            "linkedService": {
                                "name": "staging",
                                "properties": {
                                    "annotations": [],
                                    "type": "Lakehouse",
                                    "typeProperties": {
                                        "workspaceId": "{WORKSPACE_ID}",
                                        "artifactId": "{LAKEHOUSE_ID}",
                                        "rootFolder": "Tables"
                                    }
                                }
                            },
                            "type": "LakehouseTable",
                            "schema": [],
                            "typeProperties": {
                                "table": "customers"
                            }
                        }
                    },
                    "enableStaging": false,
                    "translator": {
                        "type": "TabularTranslator",
                        "mappings": [
                            {
                                "source": {
                                    "name": "CustomerId",
                                    "type": "String",
                                    "physicalType": "String"
                                },
                                "sink": {
                                    "name": "CustomerId",
                                    "physicalType": "integer"
                                }
                            },
                            {
                                "source": {
                                    "name": "FirstName",
                                    "type": "String",
                                    "physicalType": "String"
                                },
                                "sink": {
                                    "name": "FirstName",
                                    "physicalType": "string"
                                }
                            },
                            {
                                "source": {
                                    "name": "LastName",
                                    "type": "String",
                                    "physicalType": "String"
                                },
                                "sink": {
                                    "name": "LastName",
                                    "physicalType": "string"
                                }
                            },
                            {
                                "source": {
                                    "name": "Country",
                                    "type": "String",
                                    "physicalType": "String"
                                },
                                "sink": {
                                    "name": "Country",
                                    "physicalType": "string"
                                }
                            },
                            {
                                "source": {
                                    "name": "City",
                                    "type": "String",
                                    "physicalType": "String"
                                },
                                "sink": {
                                    "name": "City",
                                    "physicalType": "string"
                                }
                            },
                            {
                                "source": {
                                    "name": "DOB",
                                    "type": "String",
                                    "physicalType": "String"
                                },
                                "sink": {
                                    "name": "DOB",
                                    "physicalType": "date"
                                }
                            }
                        ],
                        "typeConversion": true,
                        "typeConversionSettings": {
                            "allowDataTruncation": true,
                            "treatBooleanAsNumber": false
                        }
                    }
                }
            },
            {
                "name": "Copy_invoices",
                "type": "Copy",
                "dependsOn": [],
                "policy": {
                    "timeout": "0.12:00:00",
                    "retry": 0,
                    "retryIntervalInSeconds": 30,
                    "secureOutput": false,
                    "secureInput": false
                },
                "typeProperties": {
                    "source": {
                        "type": "DelimitedTextSource",
                        "storeSettings": {
                            "type": "AzureBlobFSReadSettings",
                            "recursive": true,
                            "enablePartitionDiscovery": false
                        },
                        "formatSettings": {
                            "type": "DelimitedTextReadSettings",
                            "skipLineCount": 0
                        },
                        "datasetSettings": {
                            "annotations": [],
                            "type": "DelimitedText",
                            "typeProperties": {
                                "location": {
                                    "type": "AzureBlobFSLocation",
                                    "fileName": "Invoices.csv",
                                    "folderPath": "{CONTAINER_PATH}",
                                    "fileSystem": "{CONTAINER_NAME}"
                                },
                                "columnDelimiter": ",",
                                "escapeChar": "\\",
                                "firstRowAsHeader": true,
                                "quoteChar": "\""
                            },
                            "schema": [],
                            "externalReferences": {
                                "connection": "{CONNECTION_ID}"
                            }
                        }
                    },
                    "sink": {
                        "type": "LakehouseTableSink",
                        "tableActionOption": "Overwrite",
                        "partitionOption": "None",
                        "datasetSettings": {
                            "annotations": [],
                            "linkedService": {
                                "name": "staging",
                                "properties": {
                                    "annotations": [],
                                    "type": "Lakehouse",
                                    "typeProperties": {
                                        "workspaceId": "{WORKSPACE_ID}",
                                        "artifactId": "{LAKEHOUSE_ID}",
                                        "rootFolder": "Tables"
                                    }
                                }
                            },
                            "type": "LakehouseTable",
                            "schema": [],
                            "typeProperties": {
                                "table": "invoices"
                            }
                        }
                    },
                    "enableStaging": false,
                    "translator": {
                        "type": "TabularTranslator",
                        "mappings": [
                            {
                                "source": {
                                    "name": "InvoiceId",
                                    "type": "String",
                                    "physicalType": "String"
                                },
                                "sink": {
                                    "name": "InvoiceId",
                                    "physicalType": "integer"
                                }
                            },
                            {
                                "source": {
                                    "name": "Date",
                                    "type": "String",
                                    "physicalType": "String"
                                },
                                "sink": {
                                    "name": "Date",
                                    "physicalType": "date"
                                }
                            },
                            {
                                "source": {
                                    "name": "CustomerId",
                                    "type": "String",
                                    "physicalType": "String"
                                },
                                "sink": {
                                    "name": "CustomerId",
                                    "physicalType": "integer"
                                }
                            }
                        ],
                        "typeConversion": true,
                        "typeConversionSettings": {
                            "allowDataTruncation": true,
                            "treatBooleanAsNumber": false
                        }
                    }
                }
            },
            {
                "name": "Copy_invoice_details",
                "type": "Copy",
                "dependsOn": [],
                "policy": {
                    "timeout": "0.12:00:00",
                    "retry": 0,
                    "retryIntervalInSeconds": 30,
                    "secureOutput": false,
                    "secureInput": false
                },
                "typeProperties": {
                    "source": {
                        "type": "DelimitedTextSource",
                        "storeSettings": {
                            "type": "AzureBlobFSReadSettings",
                            "recursive": true,
                            "enablePartitionDiscovery": false
                        },
                        "formatSettings": {
                            "type": "DelimitedTextReadSettings",
                            "skipLineCount": 0
                        },
                        "datasetSettings": {
                            "annotations": [],
                            "type": "DelimitedText",
                            "typeProperties": {
                                "location": {
                                    "type": "AzureBlobFSLocation",
                                    "fileName": "InvoiceDetails.csv",
                                    "folderPath": "{CONTAINER_PATH}",
                                    "fileSystem": "{CONTAINER_NAME}"
                                },
                                "columnDelimiter": ",",
                                "escapeChar": "\\",
                                "firstRowAsHeader": true,
                                "quoteChar": "\""
                            },
                            "schema": [],
                            "externalReferences": {
                                "connection": "{CONNECTION_ID}"
                            }
                        }
                    },
                    "sink": {
                        "type": "LakehouseTableSink",
                        "tableActionOption": "Overwrite",
                        "partitionOption": "None",
                        "datasetSettings": {
                            "annotations": [],
                            "linkedService": {
                                "name": "staging",
                                "properties": {
                                    "annotations": [],
                                    "type": "Lakehouse",
                                    "typeProperties": {
                                        "workspaceId": "{WORKSPACE_ID}",
                                        "artifactId": "{LAKEHOUSE_ID}",
                                        "rootFolder": "Tables"
                                    }
                                }
                            },
                            "type": "LakehouseTable",
                            "schema": [],
                            "typeProperties": {
                                "table": "invoice_details"
                            }
                        }
                    },
                    "enableStaging": false,
                    "translator": {
                        "type": "TabularTranslator",
                        "mappings": [
                            {
                                "source": {
                                    "name": "Id",
                                    "type": "String",
                                    "physicalType": "String"
                                },
                                "sink": {
                                    "name": "Id",
                                    "physicalType": "integer"
                                }
                            },
                            {
                                "source": {
                                    "name": "Quantity",
                                    "type": "String",
                                    "physicalType": "String"
                                },
                                "sink": {
                                    "name": "Quantity",
                                    "physicalType": "long"
                                }
                            },
                            {
                                "source": {
                                    "name": "SalesAmount",
                                    "type": "String",
                                    "physicalType": "String"
                                },
                                "sink": {
                                    "name": "SalesAmount",
                                    "physicalType": "double"
                                }
                            },
                            {
                                "source": {
                                    "name": "InvoiceId",
                                    "type": "String",
                                    "physicalType": "String"
                                },
                                "sink": {
                                    "name": "InvoiceId",
                                    "physicalType": "integer"
                                }
                            },
                            {
                                "source": {
                                    "name": "ProductId",
                                    "type": "String",
                                    "physicalType": "String"
                                },
                                "sink": {
                                    "name": "ProductId",
                                    "physicalType": "integer"
                                }
                            }
                        ],
                        "typeConversion": true,
                        "typeConversionSettings": {
                            "allowDataTruncation": true,
                            "treatBooleanAsNumber": false
                        }
                    }
                }
            }
        ]
    }
}