{
  "config": "{\"version\":\"5.59\",\"themeCollection\":{\"baseTheme\":{\"name\":\"CY24SU10\",\"version\":\"5.61\",\"type\":2}},\"activeSectionIndex\":0,\"defaultDrillFilterOtherVisuals\":true,\"slowDataSourceSettings\":{\"isCrossHighlightingDisabled\":false,\"isSlicerSelectionsButtonEnabled\":false,\"isFilterSelectionsButtonEnabled\":false,\"isFieldWellButtonEnabled\":false,\"isApplyAllButtonEnabled\":false},\"linguisticSchemaSyncVersion\":2,\"settings\":{\"useNewFilterPaneExperience\":true,\"allowChangeFilterTypes\":true,\"useStylableVisualContainerHeader\":true,\"exportDataMode\":1,\"useDefaultAggregateDisplayName\":true,\"filterPaneHiddenInEditMode\":false,\"useEnhancedTooltips\":true},\"objects\":{\"section\":[{\"properties\":{\"verticalAlignment\":{\"expr\":{\"Literal\":{\"Value\":\"'Top'\"}}}}}],\"outspacePane\":[{\"properties\":{\"expanded\":{\"expr\":{\"Literal\":{\"Value\":\"false\"}}},\"visible\":{\"expr\":{\"Literal\":{\"Value\":\"true\"}}}}}]}}",
  "filters": "[]",
  "layoutOptimization": 0,
  "resourcePackages": [
    {
      "resourcePackage": {
        "disabled": false,
        "items": [
          {
            "name": "CY24SU10",
            "path": "BaseThemes/CY24SU10.json",
            "type": 202
          }
        ],
        "name": "SharedResources",
        "type": 2
      }
    }
  ],
  "sections": [
    {
      "config": "{}",
      "displayName": "Sales Summary",
      "displayOption": 1,
      "filters": "[]",
      "height": 720.00,
      "name": "ReportSection",
      "visualContainers": [
        {
          "config": "{\"name\":\"1006200bf40de80cf2c1\",\"layouts\":[{\"id\":0,\"position\":{\"x\":767.682119205298,\"y\":40.05298013245033,\"z\":2000,\"width\":256.5298013245033,\"height\":76.29139072847681,\"tabOrder\":6000}}],\"singleVisual\":{\"visualType\":\"card\",\"projections\":{\"Values\":[{\"queryRef\":\"Sales.First Sales Date\"}]},\"prototypeQuery\":{\"Version\":2,\"From\":[{\"Name\":\"s\",\"Entity\":\"Sales\",\"Type\":0}],\"Select\":[{\"Measure\":{\"Expression\":{\"SourceRef\":{\"Source\":\"s\"}},\"Property\":\"First Sale\"},\"Name\":\"Sales.First Sales Date\"}],\"OrderBy\":[{\"Direction\":1,\"Expression\":{\"Measure\":{\"Expression\":{\"SourceRef\":{\"Source\":\"s\"}},\"Property\":\"First Sale\"}}}]},\"drillFilterOtherVisuals\":true,\"hasDefaultSort\":true,\"objects\":{\"labels\":[{\"properties\":{\"labelPrecision\":{\"expr\":{\"Literal\":{\"Value\":\"2L\"}}},\"labelDisplayUnits\":{\"expr\":{\"Literal\":{\"Value\":\"0D\"}}},\"fontSize\":{\"expr\":{\"Literal\":{\"Value\":\"18D\"}}}}}],\"categoryLabels\":[{\"properties\":{\"bold\":{\"expr\":{\"Literal\":{\"Value\":\"false\"}}},\"color\":{\"solid\":{\"color\":{\"expr\":{\"ThemeDataColor\":{\"ColorId\":0,\"Percent\":-0.5}}}}}}}]},\"vcObjects\":{\"border\":[{\"properties\":{\"show\":{\"expr\":{\"Literal\":{\"Value\":\"true\"}}}}}],\"title\":[{\"properties\":{\"text\":{\"expr\":{\"Literal\":{\"Value\":\"'CardFirstSalesDate'\"}}}}}]}}}",
          "filters": "[]",
          "height": 76.29,
          "width": 256.53,
          "x": 767.68,
          "y": 40.05,
          "z": 2000.00
        },
        {
          "config": "{\"name\":\"3729776c38504a4d8b34\",\"layouts\":[{\"id\":0,\"position\":{\"x\":0,\"y\":359.55056179775283,\"z\":3000,\"width\":681.9475655430712,\"height\":360.749063670412,\"tabOrder\":4000}}],\"singleVisual\":{\"visualType\":\"tableEx\",\"projections\":{\"Values\":[{\"queryRef\":\"Products.Product\"},{\"queryRef\":\"Products.Category\"},{\"queryRef\":\"Sales.Sales Revenue\"},{\"queryRef\":\"Sales.Units Sold\"},{\"queryRef\":\"Sales.Customer Count\"}]},\"prototypeQuery\":{\"Version\":2,\"From\":[{\"Name\":\"p\",\"Entity\":\"Products\",\"Type\":0},{\"Name\":\"s\",\"Entity\":\"Sales\",\"Type\":0}],\"Select\":[{\"Measure\":{\"Expression\":{\"SourceRef\":{\"Source\":\"s\"}},\"Property\":\"Sales Revenue\"},\"Name\":\"Sales.Sales Revenue\"},{\"Measure\":{\"Expression\":{\"SourceRef\":{\"Source\":\"s\"}},\"Property\":\"Units Sold\"},\"Name\":\"Sales.Units Sold\"},{\"Column\":{\"Expression\":{\"SourceRef\":{\"Source\":\"p\"}},\"Property\":\"Product\"},\"Name\":\"Products.Product\"},{\"Measure\":{\"Expression\":{\"SourceRef\":{\"Source\":\"s\"}},\"Property\":\"Customer Count\"},\"Name\":\"Sales.Customer Count\",\"NativeReferenceName\":\"Customers\"},{\"Column\":{\"Expression\":{\"SourceRef\":{\"Source\":\"p\"}},\"Property\":\"Category\"},\"Name\":\"Products.Category\",\"NativeReferenceName\":\"Category\"}],\"OrderBy\":[{\"Direction\":2,\"Expression\":{\"Measure\":{\"Expression\":{\"SourceRef\":{\"Source\":\"s\"}},\"Property\":\"Sales Revenue\"}}}]},\"columnProperties\":{\"Sales.Customer Count\":{\"displayName\":\"Customers\"}},\"drillFilterOtherVisuals\":true,\"objects\":{\"grid\":[{\"properties\":{\"imageHeight\":{\"expr\":{\"Literal\":{\"Value\":\"32D\"}}}}}],\"values\":[{\"properties\":{\"fontSize\":{\"expr\":{\"Literal\":{\"Value\":\"12D\"}}}}}],\"columnHeaders\":[{\"properties\":{\"fontSize\":{\"expr\":{\"Literal\":{\"Value\":\"12D\"}}}}}],\"columnWidth\":[{\"properties\":{\"value\":{\"expr\":{\"Literal\":{\"Value\":\"201.48225066277905D\"}}}},\"selector\":{\"metadata\":\"Products.Product\"}},{\"properties\":{\"value\":{\"expr\":{\"Literal\":{\"Value\":\"176.1766549335197D\"}}}},\"selector\":{\"metadata\":\"Products.Category\"}}]},\"vcObjects\":{\"border\":[{\"properties\":{\"show\":{\"expr\":{\"Literal\":{\"Value\":\"true\"}}},\"width\":{\"expr\":{\"Literal\":{\"Value\":\"1D\"}}}}}],\"stylePreset\":[{\"properties\":{\"name\":{\"expr\":{\"Literal\":{\"Value\":\"'Condensed'\"}}}}}],\"title\":[{\"properties\":{\"text\":{\"expr\":{\"Literal\":{\"Value\":\"'Products Table'\"}}}}}]}}}",
          "filters": "[]",
          "height": 360.75,
          "width": 681.95,
          "x": 0.00,
          "y": 359.55,
          "z": 3000.00
        },
        {
          "config": "{\"name\":\"483ec6389163810826f4\",\"layouts\":[{\"id\":0,\"position\":{\"x\":0,\"y\":0,\"z\":4000,\"width\":1280,\"height\":40,\"tabOrder\":0}}],\"singleVisual\":{\"visualType\":\"shape\",\"drillFilterOtherVisuals\":true,\"objects\":{\"shape\":[{\"properties\":{\"tileShape\":{\"expr\":{\"Literal\":{\"Value\":\"'rectangle'\"}}}}}],\"rotation\":[{\"properties\":{\"shapeAngle\":{\"expr\":{\"Literal\":{\"Value\":\"0L\"}}}}}],\"text\":[{\"properties\":{\"show\":{\"expr\":{\"Literal\":{\"Value\":\"true\"}}}}},{\"properties\":{\"text\":{\"expr\":{\"Literal\":{\"Value\":\"'Product Sales Summary'\"}}},\"fontSize\":{\"expr\":{\"Literal\":{\"Value\":\"18D\"}}},\"fontFamily\":{\"expr\":{\"Literal\":{\"Value\":\"'''Segoe UI Bold'', wf_segoe-ui_bold, helvetica, arial, sans-serif'\"}}}},\"selector\":{\"id\":\"default\"}}],\"fill\":[{\"properties\":{\"fillColor\":{\"solid\":{\"color\":{\"expr\":{\"ThemeDataColor\":{\"ColorId\":1,\"Percent\":0}}}}}},\"selector\":{\"id\":\"default\"}}],\"outline\":[{\"properties\":{\"lineColor\":{\"solid\":{\"color\":{\"expr\":{\"ThemeDataColor\":{\"ColorId\":1,\"Percent\":0}}}}}},\"selector\":{\"id\":\"default\"}}]},\"vcObjects\":{\"title\":[{\"properties\":{\"text\":{\"expr\":{\"Literal\":{\"Value\":\"'ReportTitle'\"}}}}}]}}}",
          "filters": "[]",
          "height": 40.00,
          "width": 1280.00,
          "x": 0.00,
          "y": 0.00,
          "z": 4000.00
        },
        {
          "config": "{\"name\":\"4d4a4b3aa00233ba0ec1\",\"layouts\":[{\"id\":0,\"position\":{\"x\":680.9006622516556,\"y\":116.34437086092714,\"z\":8000,\"width\":599.841059602649,\"height\":243.17880794701986,\"tabOrder\":9000}}],\"singleVisual\":{\"visualType\":\"clusteredColumnChart\",\"projections\":{\"Category\":[{\"queryRef\":\"Customers.Country\",\"active\":true}],\"Y\":[{\"queryRef\":\"Sales.Sales Revenue\"}],\"Series\":[{\"queryRef\":\"Products.Category\"}]},\"prototypeQuery\":{\"Version\":2,\"From\":[{\"Name\":\"s\",\"Entity\":\"Sales\",\"Type\":0},{\"Name\":\"c1\",\"Entity\":\"Customers\",\"Type\":0},{\"Name\":\"p\",\"Entity\":\"Products\",\"Type\":0}],\"Select\":[{\"Column\":{\"Expression\":{\"SourceRef\":{\"Source\":\"c1\"}},\"Property\":\"Country\"},\"Name\":\"Customers.Country\",\"NativeReferenceName\":\"Country\"},{\"Measure\":{\"Expression\":{\"SourceRef\":{\"Source\":\"s\"}},\"Property\":\"Sales Revenue\"},\"Name\":\"Sales.Sales Revenue\"},{\"Column\":{\"Expression\":{\"SourceRef\":{\"Source\":\"p\"}},\"Property\":\"Category\"},\"Name\":\"Products.Category\",\"NativeReferenceName\":\"Category\"}],\"OrderBy\":[{\"Direction\":2,\"Expression\":{\"Measure\":{\"Expression\":{\"SourceRef\":{\"Source\":\"s\"}},\"Property\":\"Sales Revenue\"}}}]},\"drillFilterOtherVisuals\":true,\"hasDefaultSort\":true,\"objects\":{\"legend\":[{\"properties\":{\"position\":{\"expr\":{\"Literal\":{\"Value\":\"'BottomCenter'\"}}}}}],\"valueAxis\":[{\"properties\":{\"showAxisTitle\":{\"expr\":{\"Literal\":{\"Value\":\"false\"}}}}}],\"categoryAxis\":[{\"properties\":{\"showAxisTitle\":{\"expr\":{\"Literal\":{\"Value\":\"false\"}}}}}]},\"vcObjects\":{\"border\":[{\"properties\":{\"show\":{\"expr\":{\"Literal\":{\"Value\":\"true\"}}},\"width\":{\"expr\":{\"Literal\":{\"Value\":\"1D\"}}}}}],\"title\":[{\"properties\":{\"heading\":{\"expr\":{\"Literal\":{\"Value\":\"'Heading2'\"}}},\"fontColor\":{\"solid\":{\"color\":{\"expr\":{\"ThemeDataColor\":{\"ColorId\":1,\"Percent\":0.6}}}}}}}]}}}",
          "filters": "[]",
          "height": 243.18,
          "width": 599.84,
          "x": 680.90,
          "y": 116.34,
          "z": 8000.00
        },
        {
          "config": "{\"name\":\"506722c38aa71daf7a0e\",\"layouts\":[{\"id\":0,\"position\":{\"x\":512.1059602649007,\"y\":40.05298013245033,\"z\":5000,\"width\":255.57615894039733,\"height\":76.29139072847681,\"tabOrder\":5000}}],\"singleVisual\":{\"visualType\":\"card\",\"projections\":{\"Values\":[{\"queryRef\":\"Sales.Customer Count\"}]},\"prototypeQuery\":{\"Version\":2,\"From\":[{\"Name\":\"s\",\"Entity\":\"Sales\",\"Type\":0}],\"Select\":[{\"Measure\":{\"Expression\":{\"SourceRef\":{\"Source\":\"s\"}},\"Property\":\"Customer Count\"},\"Name\":\"Sales.Customer Count\"}],\"OrderBy\":[{\"Direction\":2,\"Expression\":{\"Measure\":{\"Expression\":{\"SourceRef\":{\"Source\":\"s\"}},\"Property\":\"Customer Count\"}}}]},\"drillFilterOtherVisuals\":true,\"hasDefaultSort\":true,\"objects\":{\"labels\":[{\"properties\":{\"labelPrecision\":{\"expr\":{\"Literal\":{\"Value\":\"0L\"}}},\"fontSize\":{\"expr\":{\"Literal\":{\"Value\":\"18D\"}}},\"labelDisplayUnits\":{\"expr\":{\"Literal\":{\"Value\":\"1D\"}}}}}],\"categoryLabels\":[{\"properties\":{\"bold\":{\"expr\":{\"Literal\":{\"Value\":\"false\"}}},\"color\":{\"solid\":{\"color\":{\"expr\":{\"ThemeDataColor\":{\"ColorId\":0,\"Percent\":-0.5}}}}}}}]},\"vcObjects\":{\"border\":[{\"properties\":{\"show\":{\"expr\":{\"Literal\":{\"Value\":\"true\"}}}}}],\"title\":[{\"properties\":{\"text\":{\"expr\":{\"Literal\":{\"Value\":\"'CardCustomerCount'\"}}}}}]}}}",
          "filters": "[]",
          "height": 76.29,
          "width": 255.58,
          "x": 512.11,
          "y": 40.05,
          "z": 5000.00
        },
        {
          "config": "{\"name\":\"6e9e615c66d209e39810\",\"layouts\":[{\"id\":0,\"position\":{\"x\":1024.2119205298013,\"y\":40.05298013245033,\"z\":0,\"width\":255.57615894039733,\"height\":76.29139072847681,\"tabOrder\":7000}}],\"singleVisual\":{\"visualType\":\"card\",\"projections\":{\"Values\":[{\"queryRef\":\"Sales.Last Sale Date\"}]},\"prototypeQuery\":{\"Version\":2,\"From\":[{\"Name\":\"s\",\"Entity\":\"Sales\",\"Type\":0}],\"Select\":[{\"Measure\":{\"Expression\":{\"SourceRef\":{\"Source\":\"s\"}},\"Property\":\"Last Sale\"},\"Name\":\"Sales.Last Sale Date\"}],\"OrderBy\":[{\"Direction\":1,\"Expression\":{\"Measure\":{\"Expression\":{\"SourceRef\":{\"Source\":\"s\"}},\"Property\":\"Last Sale\"}}}]},\"drillFilterOtherVisuals\":true,\"hasDefaultSort\":true,\"objects\":{\"labels\":[{\"properties\":{\"labelPrecision\":{\"expr\":{\"Literal\":{\"Value\":\"2L\"}}},\"labelDisplayUnits\":{\"expr\":{\"Literal\":{\"Value\":\"0D\"}}},\"fontSize\":{\"expr\":{\"Literal\":{\"Value\":\"18D\"}}}}}],\"categoryLabels\":[{\"properties\":{\"bold\":{\"expr\":{\"Literal\":{\"Value\":\"false\"}}},\"color\":{\"solid\":{\"color\":{\"expr\":{\"ThemeDataColor\":{\"ColorId\":0,\"Percent\":-0.5}}}}}}}]},\"vcObjects\":{\"border\":[{\"properties\":{\"show\":{\"expr\":{\"Literal\":{\"Value\":\"true\"}}}}}],\"title\":[{\"properties\":{\"text\":{\"expr\":{\"Literal\":{\"Value\":\"'CardLastSalesDate'\"}}}}}]}}}",
          "filters": "[]",
          "height": 76.29,
          "width": 255.58,
          "x": 1024.21,
          "y": 40.05,
          "z": 0.00
        },
        {
          "config": "{\"name\":\"77df46c21535b48f2e73\",\"layouts\":[{\"id\":0,\"position\":{\"x\":0,\"y\":116.34437086092714,\"z\":1000,\"width\":681.8543046357615,\"height\":243.17880794701986,\"tabOrder\":2000}}],\"singleVisual\":{\"visualType\":\"clusteredColumnChart\",\"projections\":{\"Category\":[{\"queryRef\":\"Products.Product\",\"active\":true}],\"Series\":[{\"queryRef\":\"Calendar.Year\"}],\"Y\":[{\"queryRef\":\"Sales.Sales Revenue\"}]},\"prototypeQuery\":{\"Version\":2,\"From\":[{\"Name\":\"s\",\"Entity\":\"Sales\",\"Type\":0},{\"Name\":\"p\",\"Entity\":\"Products\",\"Type\":0},{\"Name\":\"c\",\"Entity\":\"Calendar\",\"Type\":0}],\"Select\":[{\"Column\":{\"Expression\":{\"SourceRef\":{\"Source\":\"p\"}},\"Property\":\"Product\"},\"Name\":\"Products.Product\"},{\"Column\":{\"Expression\":{\"SourceRef\":{\"Source\":\"c\"}},\"Property\":\"Year\"},\"Name\":\"Calendar.Year\"},{\"Measure\":{\"Expression\":{\"SourceRef\":{\"Source\":\"s\"}},\"Property\":\"Sales Revenue\"},\"Name\":\"Sales.Sales Revenue\"}],\"OrderBy\":[{\"Direction\":2,\"Expression\":{\"Measure\":{\"Expression\":{\"SourceRef\":{\"Source\":\"s\"}},\"Property\":\"Sales Revenue\"}}}]},\"drillFilterOtherVisuals\":true,\"hasDefaultSort\":true,\"objects\":{\"legend\":[{\"properties\":{\"position\":{\"expr\":{\"Literal\":{\"Value\":\"'Right'\"}}}}}],\"valueAxis\":[{\"properties\":{\"showAxisTitle\":{\"expr\":{\"Literal\":{\"Value\":\"false\"}}}}}],\"categoryAxis\":[{\"properties\":{\"showAxisTitle\":{\"expr\":{\"Literal\":{\"Value\":\"false\"}}}}}]},\"vcObjects\":{\"border\":[{\"properties\":{\"show\":{\"expr\":{\"Literal\":{\"Value\":\"true\"}}},\"width\":{\"expr\":{\"Literal\":{\"Value\":\"1D\"}}}}}],\"title\":[{\"properties\":{\"heading\":{\"expr\":{\"Literal\":{\"Value\":\"'Heading2'\"}}},\"fontColor\":{\"solid\":{\"color\":{\"expr\":{\"ThemeDataColor\":{\"ColorId\":1,\"Percent\":0.6}}}}}}}]}}}",
          "filters": "[]",
          "height": 243.18,
          "width": 681.85,
          "x": 0.00,
          "y": 116.34,
          "z": 1000.00
        },
        {
          "config": "{\"name\":\"97321be5190112ac4673\",\"layouts\":[{\"id\":0,\"position\":{\"x\":0,\"y\":40.05298013245033,\"z\":9000,\"width\":256.5298013245033,\"height\":76.29139072847681,\"tabOrder\":1000}}],\"singleVisual\":{\"visualType\":\"card\",\"projections\":{\"Values\":[{\"queryRef\":\"Sales.Sales Revenue\"}]},\"prototypeQuery\":{\"Version\":2,\"From\":[{\"Name\":\"s\",\"Entity\":\"Sales\",\"Type\":0}],\"Select\":[{\"Measure\":{\"Expression\":{\"SourceRef\":{\"Source\":\"s\"}},\"Property\":\"Sales Revenue\"},\"Name\":\"Sales.Sales Revenue\"}],\"OrderBy\":[{\"Direction\":2,\"Expression\":{\"Measure\":{\"Expression\":{\"SourceRef\":{\"Source\":\"s\"}},\"Property\":\"Sales Revenue\"}}}]},\"drillFilterOtherVisuals\":true,\"hasDefaultSort\":true,\"objects\":{\"labels\":[{\"properties\":{\"labelPrecision\":{\"expr\":{\"Literal\":{\"Value\":\"0L\"}}},\"labelDisplayUnits\":{\"expr\":{\"Literal\":{\"Value\":\"1D\"}}},\"fontSize\":{\"expr\":{\"Literal\":{\"Value\":\"18D\"}}},\"color\":{\"solid\":{\"color\":{\"expr\":{\"ThemeDataColor\":{\"ColorId\":3,\"Percent\":-0.5}}}}}}}],\"categoryLabels\":[{\"properties\":{\"fontSize\":{\"expr\":{\"Literal\":{\"Value\":\"12D\"}}},\"bold\":{\"expr\":{\"Literal\":{\"Value\":\"false\"}}},\"color\":{\"solid\":{\"color\":{\"expr\":{\"ThemeDataColor\":{\"ColorId\":0,\"Percent\":-0.5}}}}}}}]},\"vcObjects\":{\"border\":[{\"properties\":{\"show\":{\"expr\":{\"Literal\":{\"Value\":\"true\"}}}}}],\"title\":[{\"properties\":{\"text\":{\"expr\":{\"Literal\":{\"Value\":\"'CardSalesRevenue'\"}}}}}],\"background\":[{\"properties\":{\"color\":{\"solid\":{\"color\":{\"expr\":{\"ThemeDataColor\":{\"ColorId\":0,\"Percent\":0}}}}}}}]}}}",
          "filters": "[]",
          "height": 76.29,
          "width": 256.53,
          "x": 0.00,
          "y": 40.05,
          "z": 9000.00
        },
        {
          "config": "{\"name\":\"a1e8f2e3d8704be63070\",\"layouts\":[{\"id\":0,\"position\":{\"x\":256.5298013245033,\"y\":40.05298013245033,\"z\":6000,\"width\":256.5298013245033,\"height\":76.29139072847681,\"tabOrder\":3000}}],\"singleVisual\":{\"visualType\":\"card\",\"projections\":{\"Values\":[{\"queryRef\":\"Sales.Units Sold\"}]},\"prototypeQuery\":{\"Version\":2,\"From\":[{\"Name\":\"s\",\"Entity\":\"Sales\",\"Type\":0}],\"Select\":[{\"Measure\":{\"Expression\":{\"SourceRef\":{\"Source\":\"s\"}},\"Property\":\"Units Sold\"},\"Name\":\"Sales.Units Sold\"}],\"OrderBy\":[{\"Direction\":2,\"Expression\":{\"Measure\":{\"Expression\":{\"SourceRef\":{\"Source\":\"s\"}},\"Property\":\"Units Sold\"}}}]},\"drillFilterOtherVisuals\":true,\"hasDefaultSort\":true,\"objects\":{\"labels\":[{\"properties\":{\"labelPrecision\":{\"expr\":{\"Literal\":{\"Value\":\"0L\"}}},\"fontSize\":{\"expr\":{\"Literal\":{\"Value\":\"18D\"}}},\"labelDisplayUnits\":{\"expr\":{\"Literal\":{\"Value\":\"1D\"}}}}}],\"categoryLabels\":[{\"properties\":{\"fontSize\":{\"expr\":{\"Literal\":{\"Value\":\"12D\"}}},\"bold\":{\"expr\":{\"Literal\":{\"Value\":\"false\"}}},\"color\":{\"solid\":{\"color\":{\"expr\":{\"ThemeDataColor\":{\"ColorId\":0,\"Percent\":-0.5}}}}}}}]},\"vcObjects\":{\"border\":[{\"properties\":{\"show\":{\"expr\":{\"Literal\":{\"Value\":\"true\"}}}}}],\"title\":[{\"properties\":{\"text\":{\"expr\":{\"Literal\":{\"Value\":\"'CardUnitsSold'\"}}}}}]}}}",
          "filters": "[]",
          "height": 76.29,
          "width": 256.53,
          "x": 256.53,
          "y": 40.05,
          "z": 6000.00
        },
        {
          "config": "{\"name\":\"c59b5dbe5d8a247b03ca\",\"layouts\":[{\"id\":0,\"position\":{\"x\":680,\"y\":359.2476224022543,\"z\":7000,\"width\":600,\"height\":360.69038393800633,\"tabOrder\":8000}}],\"singleVisual\":{\"visualType\":\"azureMap\",\"projections\":{\"Size\":[{\"queryRef\":\"Sales.Sales Revenue\"}],\"Tooltips\":[{\"queryRef\":\"Sales.Units Sold\"},{\"queryRef\":\"Sales.Customer Count\"},{\"queryRef\":\"Sales.City Rank\"},{\"queryRef\":\"Sales.First Sale\"},{\"queryRef\":\"Sales.Last Sale\"}],\"Category\":[{\"queryRef\":\"Customers.City\",\"active\":true}]},\"prototypeQuery\":{\"Version\":2,\"From\":[{\"Name\":\"s\",\"Entity\":\"Sales\",\"Type\":0},{\"Name\":\"c\",\"Entity\":\"Customers\",\"Type\":0}],\"Select\":[{\"Measure\":{\"Expression\":{\"SourceRef\":{\"Source\":\"s\"}},\"Property\":\"Sales Revenue\"},\"Name\":\"Sales.Sales Revenue\",\"NativeReferenceName\":\"Sales Revenue\"},{\"Measure\":{\"Expression\":{\"SourceRef\":{\"Source\":\"s\"}},\"Property\":\"Units Sold\"},\"Name\":\"Sales.Units Sold\",\"NativeReferenceName\":\"Units Sold\"},{\"Measure\":{\"Expression\":{\"SourceRef\":{\"Source\":\"s\"}},\"Property\":\"Customer Count\"},\"Name\":\"Sales.Customer Count\",\"NativeReferenceName\":\"Customer Count\"},{\"Measure\":{\"Expression\":{\"SourceRef\":{\"Source\":\"s\"}},\"Property\":\"First Sale\"},\"Name\":\"Sales.First Sale\",\"NativeReferenceName\":\"First Sale\"},{\"Measure\":{\"Expression\":{\"SourceRef\":{\"Source\":\"s\"}},\"Property\":\"Last Sale\"},\"Name\":\"Sales.Last Sale\",\"NativeReferenceName\":\"Last Sale\"},{\"Measure\":{\"Expression\":{\"SourceRef\":{\"Source\":\"s\"}},\"Property\":\"City Rank\"},\"Name\":\"Sales.City Rank\",\"NativeReferenceName\":\"City Rank\"},{\"Column\":{\"Expression\":{\"SourceRef\":{\"Source\":\"c\"}},\"Property\":\"City\"},\"Name\":\"Customers.City\",\"NativeReferenceName\":\"City\"}]},\"drillFilterOtherVisuals\":true,\"objects\":{\"mapControls\":[{\"properties\":{\"defaultStyle\":{\"expr\":{\"Literal\":{\"Value\":\"'road_shaded_relief'\"}}},\"showStylePicker\":{\"expr\":{\"Literal\":{\"Value\":\"false\"}}},\"showNavigationControls\":{\"expr\":{\"Literal\":{\"Value\":\"false\"}}},\"showSelectionControl\":{\"expr\":{\"Literal\":{\"Value\":\"false\"}}}}}],\"bubbleLayer\":[{\"properties\":{\"show\":{\"expr\":{\"Literal\":{\"Value\":\"true\"}}},\"bubbleRadius\":{\"expr\":{\"Literal\":{\"Value\":\"6L\"}}},\"minBubbleRadius\":{\"expr\":{\"Literal\":{\"Value\":\"4L\"}}},\"maxRadius\":{\"expr\":{\"Literal\":{\"Value\":\"15L\"}}},\"bubbleStrokeWidth\":{\"expr\":{\"Literal\":{\"Value\":\"1L\"}}},\"autoStrokeColor\":{\"expr\":{\"Literal\":{\"Value\":\"true\"}}},\"layerPosition\":{\"expr\":{\"Literal\":{\"Value\":\"''\"}}},\"mapTransparency\":{\"expr\":{\"Literal\":{\"Value\":\"0D\"}}}}}],\"dataPoint\":[{\"properties\":{\"fill\":{\"solid\":{\"color\":{\"expr\":{\"ThemeDataColor\":{\"ColorId\":2,\"Percent\":-0.25}}}}}}}]},\"vcObjects\":{\"title\":[{\"properties\":{\"show\":{\"expr\":{\"Literal\":{\"Value\":\"false\"}}}}}],\"border\":[{\"properties\":{\"show\":{\"expr\":{\"Literal\":{\"Value\":\"true\"}}},\"width\":{\"expr\":{\"Literal\":{\"Value\":\"1D\"}}}}}]}}}",
          "filters": "[]",
          "height": 360.69,
          "width": 600.00,
          "x": 680.00,
          "y": 359.25,
          "z": 7000.00
        }
      ],
      "width": 1280.00
    }
  ]
}