{
  "config": "{\"version\":\"5.59\",\"themeCollection\":{\"baseTheme\":{\"name\":\"CY24SU10\",\"version\":\"5.61\",\"type\":2}},\"activeSectionIndex\":0,\"defaultDrillFilterOtherVisuals\":true,\"slowDataSourceSettings\":{\"isCrossHighlightingDisabled\":false,\"isSlicerSelectionsButtonEnabled\":false,\"isFilterSelectionsButtonEnabled\":false,\"isFieldWellButtonEnabled\":false,\"isApplyAllButtonEnabled\":false},\"linguisticSchemaSyncVersion\":2,\"settings\":{\"useNewFilterPaneExperience\":true,\"allowChangeFilterTypes\":true,\"useStylableVisualContainerHeader\":true,\"exportDataMode\":1,\"useDefaultAggregateDisplayName\":true,\"filterPaneHiddenInEditMode\":false,\"useEnhancedTooltips\":true},\"objects\":{\"section\":[{\"properties\":{\"verticalAlignment\":{\"expr\":{\"Literal\":{\"Value\":\"'Top'\"}}}}}],\"outspacePane\":[{\"properties\":{\"expanded\":{\"expr\":{\"Literal\":{\"Value\":\"false\"}}},\"visible\":{\"expr\":{\"Literal\":{\"Value\":\"true\"}}}}}]}}",
  "filters": "[]",
  "layoutOptimization": 0,
  "resourcePackages": [
    {
      "resourcePackage": {
        "disabled": false,
        "items": [
          {
            "name": "CY24SU10",
            "path": "BaseThemes/CY24SU10.json",
            "type": 202
          }
        ],
        "name": "SharedResources",
        "type": 2
      }
    }
  ],
  "sections": [
    {
      "config": "{}",
      "displayName": "Top Ten Cities",
      "displayOption": 1,
      "filters": "[]",
      "height": 720.00,
      "name": "e8372808ae491a86d50e",
      "visualContainers": [
        {
          "config": "{\"name\":\"1f18bf5dd575f361721a\",\"layouts\":[{\"id\":0,\"position\":{\"x\":674.2096000552124,\"y\":384.45495013630557,\"z\":4000,\"width\":606.3646088546878,\"height\":334.9846440525898,\"tabOrder\":4000}}],\"singleVisual\":{\"visualType\":\"barChart\",\"projections\":{\"Category\":[{\"queryRef\":\"Customers.City\",\"active\":true}],\"Y\":[{\"queryRef\":\"Sales.Customer Count\"}]},\"prototypeQuery\":{\"Version\":2,\"From\":[{\"Name\":\"s\",\"Entity\":\"Sales\",\"Type\":0},{\"Name\":\"c\",\"Entity\":\"Customers\",\"Type\":0}],\"Select\":[{\"Column\":{\"Expression\":{\"SourceRef\":{\"Source\":\"c\"}},\"Property\":\"City\"},\"Name\":\"Customers.City\",\"NativeReferenceName\":\"City\"},{\"Measure\":{\"Expression\":{\"SourceRef\":{\"Source\":\"s\"}},\"Property\":\"Customer Count\"},\"Name\":\"Sales.Customer Count\",\"NativeReferenceName\":\"Customer Count\"}],\"OrderBy\":[{\"Direction\":2,\"Expression\":{\"Measure\":{\"Expression\":{\"SourceRef\":{\"Source\":\"s\"}},\"Property\":\"Customer Count\"}}}]},\"drillFilterOtherVisuals\":true,\"hasDefaultSort\":true,\"objects\":{\"categoryAxis\":[{\"properties\":{\"showAxisTitle\":{\"expr\":{\"Literal\":{\"Value\":\"false\"}}}}}],\"valueAxis\":[{\"properties\":{\"showAxisTitle\":{\"expr\":{\"Literal\":{\"Value\":\"false\"}}}}}],\"legend\":[{\"properties\":{\"position\":{\"expr\":{\"Literal\":{\"Value\":\"'Right'\"}}}}}],\"labels\":[{\"properties\":{\"show\":{\"expr\":{\"Literal\":{\"Value\":\"true\"}}},\"labelPosition\":{\"expr\":{\"Literal\":{\"Value\":\"'InsideEnd'\"}}},\"labelPrecision\":{\"expr\":{\"Literal\":{\"Value\":\"2L\"}}},\"bold\":{\"expr\":{\"Literal\":{\"Value\":\"false\"}}},\"fontSize\":{\"expr\":{\"Literal\":{\"Value\":\"9D\"}}}}}]},\"vcObjects\":{\"border\":[{\"properties\":{\"show\":{\"expr\":{\"Literal\":{\"Value\":\"true\"}}}}}],\"title\":[{\"properties\":{\"fontColor\":{\"solid\":{\"color\":{\"expr\":{\"ThemeDataColor\":{\"ColorId\":1,\"Percent\":0.6}}}}}}}]}}}",
          "filters": "[{\"expression\":{\"Measure\":{\"Expression\":{\"SourceRef\":{\"Entity\":\"Sales\"}},\"Property\":\"City Rank\"}},\"filter\":{\"Version\":2,\"From\":[{\"Name\":\"s\",\"Entity\":\"Sales\",\"Type\":0}],\"Where\":[{\"Condition\":{\"And\":{\"Left\":{\"Comparison\":{\"ComparisonKind\":4,\"Left\":{\"Measure\":{\"Expression\":{\"SourceRef\":{\"Source\":\"s\"}},\"Property\":\"City Rank\"}},\"Right\":{\"Literal\":{\"Value\":\"10L\"}}}},\"Right\":{\"Not\":{\"Expression\":{\"Comparison\":{\"ComparisonKind\":0,\"Left\":{\"Measure\":{\"Expression\":{\"SourceRef\":{\"Source\":\"s\"}},\"Property\":\"City Rank\"}},\"Right\":{\"Literal\":{\"Value\":\"null\"}}}}}}}}}]},\"type\":\"Advanced\",\"howCreated\":1,\"isHiddenInViewMode\":false}]",
          "height": 334.98,
          "width": 606.36,
          "x": 674.21,
          "y": 384.45,
          "z": 4000.00
        },
        {
          "config": "{\"name\":\"8434f269fe3caff793dd\",\"layouts\":[{\"id\":0,\"position\":{\"x\":0,\"y\":0,\"z\":1000,\"width\":1279.5619138886989,\"height\":39.953453350674245,\"tabOrder\":1000}}],\"singleVisual\":{\"visualType\":\"shape\",\"drillFilterOtherVisuals\":true,\"objects\":{\"shape\":[{\"properties\":{\"tileShape\":{\"expr\":{\"Literal\":{\"Value\":\"'rectangle'\"}}}}}],\"rotation\":[{\"properties\":{\"shapeAngle\":{\"expr\":{\"Literal\":{\"Value\":\"0L\"}}}}}],\"text\":[{\"properties\":{\"show\":{\"expr\":{\"Literal\":{\"Value\":\"true\"}}}}},{\"properties\":{\"text\":{\"expr\":{\"Literal\":{\"Value\":\"'Product Sales Top 10 Cities'\"}}},\"fontSize\":{\"expr\":{\"Literal\":{\"Value\":\"18D\"}}},\"fontFamily\":{\"expr\":{\"Literal\":{\"Value\":\"'''Segoe UI Bold'', wf_segoe-ui_bold, helvetica, arial, sans-serif'\"}}}},\"selector\":{\"id\":\"default\"}}],\"fill\":[{\"properties\":{\"fillColor\":{\"solid\":{\"color\":{\"expr\":{\"ThemeDataColor\":{\"ColorId\":1,\"Percent\":0}}}}}},\"selector\":{\"id\":\"default\"}}],\"outline\":[{\"properties\":{\"lineColor\":{\"solid\":{\"color\":{\"expr\":{\"ThemeDataColor\":{\"ColorId\":1,\"Percent\":0}}}}}},\"selector\":{\"id\":\"default\"}}]},\"vcObjects\":{\"title\":[{\"properties\":{\"text\":{\"expr\":{\"Literal\":{\"Value\":\"'ReportTitle'\"}}}}}]}}}",
          "filters": "[]",
          "height": 39.95,
          "width": 1279.56,
          "x": 0.00,
          "y": 0.00,
          "z": 1000.00
        },
        {
          "config": "{\"name\":\"9f6d6019f20620b9c26d\",\"layouts\":[{\"id\":0,\"position\":{\"x\":0,\"y\":40.53674865376219,\"z\":0,\"width\":673.62538204046,\"height\":343.3701062436327,\"tabOrder\":0}}],\"singleVisual\":{\"visualType\":\"tableEx\",\"projections\":{\"Values\":[{\"queryRef\":\"Sales.City Rank\"},{\"queryRef\":\"Customers.City\"},{\"queryRef\":\"Sales.Sales Revenue\"},{\"queryRef\":\"Sales.Units Sold\"},{\"queryRef\":\"Sales.Customer Count\"}]},\"prototypeQuery\":{\"Version\":2,\"From\":[{\"Name\":\"c\",\"Entity\":\"Customers\",\"Type\":0},{\"Name\":\"s\",\"Entity\":\"Sales\",\"Type\":0}],\"Select\":[{\"Column\":{\"Expression\":{\"SourceRef\":{\"Source\":\"c\"}},\"Property\":\"City\"},\"Name\":\"Customers.City\",\"NativeReferenceName\":\"City\"},{\"Measure\":{\"Expression\":{\"SourceRef\":{\"Source\":\"s\"}},\"Property\":\"City Rank\"},\"Name\":\"Sales.City Rank\",\"NativeReferenceName\":\"Rank\"},{\"Measure\":{\"Expression\":{\"SourceRef\":{\"Source\":\"s\"}},\"Property\":\"Sales Revenue\"},\"Name\":\"Sales.Sales Revenue\",\"NativeReferenceName\":\"Sales Revenue\"},{\"Measure\":{\"Expression\":{\"SourceRef\":{\"Source\":\"s\"}},\"Property\":\"Units Sold\"},\"Name\":\"Sales.Units Sold\",\"NativeReferenceName\":\"Units Sold\"},{\"Measure\":{\"Expression\":{\"SourceRef\":{\"Source\":\"s\"}},\"Property\":\"Customer Count\"},\"Name\":\"Sales.Customer Count\",\"NativeReferenceName\":\"Customers\"}],\"OrderBy\":[{\"Direction\":1,\"Expression\":{\"Measure\":{\"Expression\":{\"SourceRef\":{\"Source\":\"s\"}},\"Property\":\"City Rank\"}}}]},\"columnProperties\":{\"Sales.City Rank\":{\"displayName\":\"Rank\"},\"Sales.Customer Count\":{\"displayName\":\"Customers\"}},\"drillFilterOtherVisuals\":true,\"objects\":{\"total\":[{\"properties\":{\"totals\":{\"expr\":{\"Literal\":{\"Value\":\"false\"}}}}}],\"columnHeaders\":[{\"properties\":{\"fontSize\":{\"expr\":{\"Literal\":{\"Value\":\"14D\"}}}}}],\"values\":[{\"properties\":{\"fontSize\":{\"expr\":{\"Literal\":{\"Value\":\"14D\"}}}}}],\"columnWidth\":[{\"properties\":{\"value\":{\"expr\":{\"Literal\":{\"Value\":\"279.5237798273598D\"}}}},\"selector\":{\"metadata\":\"Customers.City\"}}]},\"vcObjects\":{\"border\":[{\"properties\":{\"show\":{\"expr\":{\"Literal\":{\"Value\":\"true\"}}}}}]}}}",
          "filters": "[{\"expression\":{\"Measure\":{\"Expression\":{\"SourceRef\":{\"Entity\":\"Sales\"}},\"Property\":\"City Rank\"}},\"filter\":{\"Version\":2,\"From\":[{\"Name\":\"s\",\"Entity\":\"Sales\",\"Type\":0}],\"Where\":[{\"Condition\":{\"And\":{\"Left\":{\"Comparison\":{\"ComparisonKind\":4,\"Left\":{\"Measure\":{\"Expression\":{\"SourceRef\":{\"Source\":\"s\"}},\"Property\":\"City Rank\"}},\"Right\":{\"Literal\":{\"Value\":\"10L\"}}}},\"Right\":{\"Not\":{\"Expression\":{\"Comparison\":{\"ComparisonKind\":0,\"Left\":{\"Measure\":{\"Expression\":{\"SourceRef\":{\"Source\":\"s\"}},\"Property\":\"City Rank\"}},\"Right\":{\"Literal\":{\"Value\":\"null\"}}}}}}}}}]},\"type\":\"Advanced\",\"howCreated\":0,\"isHiddenInViewMode\":false}]",
          "height": 343.37,
          "width": 673.63,
          "x": 0.00,
          "y": 40.54,
          "z": 0.00
        },
        {
          "config": "{\"name\":\"df24ece4ff9650563be6\",\"layouts\":[{\"id\":0,\"position\":{\"x\":674.2096000552124,\"y\":40.98968218365023,\"z\":3000,\"width\":606.3646088546878,\"height\":343.4652679526554,\"tabOrder\":3000}}],\"singleVisual\":{\"visualType\":\"barChart\",\"projections\":{\"Category\":[{\"queryRef\":\"Customers.City\",\"active\":true}],\"Y\":[{\"queryRef\":\"Sales.Sales Revenue\"}]},\"prototypeQuery\":{\"Version\":2,\"From\":[{\"Name\":\"s\",\"Entity\":\"Sales\",\"Type\":0},{\"Name\":\"c\",\"Entity\":\"Customers\",\"Type\":0}],\"Select\":[{\"Measure\":{\"Expression\":{\"SourceRef\":{\"Source\":\"s\"}},\"Property\":\"Sales Revenue\"},\"Name\":\"Sales.Sales Revenue\",\"NativeReferenceName\":\"Sales Revenue\"},{\"Column\":{\"Expression\":{\"SourceRef\":{\"Source\":\"c\"}},\"Property\":\"City\"},\"Name\":\"Customers.City\",\"NativeReferenceName\":\"City\"}],\"OrderBy\":[{\"Direction\":2,\"Expression\":{\"Measure\":{\"Expression\":{\"SourceRef\":{\"Source\":\"s\"}},\"Property\":\"Sales Revenue\"}}}]},\"drillFilterOtherVisuals\":true,\"hasDefaultSort\":true,\"objects\":{\"categoryAxis\":[{\"properties\":{\"showAxisTitle\":{\"expr\":{\"Literal\":{\"Value\":\"false\"}}}}}],\"valueAxis\":[{\"properties\":{\"showAxisTitle\":{\"expr\":{\"Literal\":{\"Value\":\"false\"}}}}}],\"legend\":[{\"properties\":{\"position\":{\"expr\":{\"Literal\":{\"Value\":\"'Right'\"}}}}}],\"labels\":[{\"properties\":{\"show\":{\"expr\":{\"Literal\":{\"Value\":\"true\"}}},\"labelPosition\":{\"expr\":{\"Literal\":{\"Value\":\"'InsideEnd'\"}}},\"labelPrecision\":{\"expr\":{\"Literal\":{\"Value\":\"2L\"}}}}}]},\"vcObjects\":{\"border\":[{\"properties\":{\"show\":{\"expr\":{\"Literal\":{\"Value\":\"true\"}}}}}],\"title\":[{\"properties\":{\"fontColor\":{\"solid\":{\"color\":{\"expr\":{\"ThemeDataColor\":{\"ColorId\":1,\"Percent\":0.6}}}}}}}]}}}",
          "filters": "[{\"expression\":{\"Measure\":{\"Expression\":{\"SourceRef\":{\"Entity\":\"Sales\"}},\"Property\":\"City Rank\"}},\"filter\":{\"Version\":2,\"From\":[{\"Name\":\"s\",\"Entity\":\"Sales\",\"Type\":0}],\"Where\":[{\"Condition\":{\"And\":{\"Left\":{\"Comparison\":{\"ComparisonKind\":4,\"Left\":{\"Measure\":{\"Expression\":{\"SourceRef\":{\"Source\":\"s\"}},\"Property\":\"City Rank\"}},\"Right\":{\"Literal\":{\"Value\":\"10L\"}}}},\"Right\":{\"Not\":{\"Expression\":{\"Comparison\":{\"ComparisonKind\":0,\"Left\":{\"Measure\":{\"Expression\":{\"SourceRef\":{\"Source\":\"s\"}},\"Property\":\"City Rank\"}},\"Right\":{\"Literal\":{\"Value\":\"null\"}}}}}}}}}]},\"type\":\"Advanced\",\"howCreated\":1,\"isHiddenInViewMode\":false}]",
          "height": 343.47,
          "width": 606.36,
          "x": 674.21,
          "y": 40.99,
          "z": 3000.00
        },
        {
          "config": "{\"name\":\"f0568648f3dfce70ec22\",\"layouts\":[{\"id\":0,\"position\":{\"x\":0,\"y\":383.90685489739485,\"z\":2000,\"width\":673.62538204046,\"height\":336.216562363557,\"tabOrder\":2000}}],\"singleVisual\":{\"visualType\":\"azureMap\",\"projections\":{\"Category\":[{\"queryRef\":\"Customers.City\",\"active\":true}]},\"prototypeQuery\":{\"Version\":2,\"From\":[{\"Name\":\"c\",\"Entity\":\"Customers\",\"Type\":0}],\"Select\":[{\"Column\":{\"Expression\":{\"SourceRef\":{\"Source\":\"c\"}},\"Property\":\"City\"},\"Name\":\"Customers.City\",\"NativeReferenceName\":\"City\"}]},\"drillFilterOtherVisuals\":true,\"objects\":{\"mapControls\":[{\"properties\":{\"defaultStyle\":{\"expr\":{\"Literal\":{\"Value\":\"'road_shaded_relief'\"}}}}}],\"categoryLabels\":[{\"properties\":{\"show\":{\"expr\":{\"Literal\":{\"Value\":\"true\"}}},\"backgroundTransparency\":{\"expr\":{\"Literal\":{\"Value\":\"27L\"}}},\"color\":{\"solid\":{\"color\":{\"expr\":{\"ThemeDataColor\":{\"ColorId\":1,\"Percent\":0}}}}},\"fontSize\":{\"expr\":{\"Literal\":{\"Value\":\"8D\"}}},\"backgroundColor\":{\"solid\":{\"color\":{\"expr\":{\"ThemeDataColor\":{\"ColorId\":0,\"Percent\":0}}}}}}}]},\"vcObjects\":{\"title\":[{\"properties\":{\"show\":{\"expr\":{\"Literal\":{\"Value\":\"false\"}}}}}],\"border\":[{\"properties\":{\"show\":{\"expr\":{\"Literal\":{\"Value\":\"true\"}}}}}]}}}",
          "filters": "[{\"name\":\"7fbee92b01f63db57a1d\",\"expression\":{\"Measure\":{\"Expression\":{\"SourceRef\":{\"Entity\":\"Sales\"}},\"Property\":\"City Rank\"}},\"filter\":{\"Version\":2,\"From\":[{\"Name\":\"s\",\"Entity\":\"Sales\",\"Type\":0}],\"Where\":[{\"Condition\":{\"And\":{\"Left\":{\"Comparison\":{\"ComparisonKind\":4,\"Left\":{\"Measure\":{\"Expression\":{\"SourceRef\":{\"Source\":\"s\"}},\"Property\":\"City Rank\"}},\"Right\":{\"Literal\":{\"Value\":\"10L\"}}}},\"Right\":{\"Not\":{\"Expression\":{\"Comparison\":{\"ComparisonKind\":0,\"Left\":{\"Measure\":{\"Expression\":{\"SourceRef\":{\"Source\":\"s\"}},\"Property\":\"City Rank\"}},\"Right\":{\"Literal\":{\"Value\":\"null\"}}}}}}}}}]},\"type\":\"Advanced\",\"howCreated\":1}]",
          "height": 336.22,
          "width": 673.63,
          "x": 0.00,
          "y": 383.91,
          "z": 2000.00
        }
      ],
      "width": 1280.00
    }
  ]
}