{
  "exportName": "Custom Power BI Solution V1",
  "solutionName": "Custom Power BI Solution",
  "comment": "Initial release with one report",
  "created": "2025-03-29T21:44:04.6058874Z",
  "sourceWorkspaceId": "04dfd451-0835-4685-8fbc-c320ce9c9c07",
  "sourceWorkspaceDescription": "Custom Power BI Solution",
  "sourceItems": [
    {
      "id": "ee3f5a17-710b-4fef-9bc6-36510c31f852",
      "displayName": "Product Sales Imported Model",
      "type": "SemanticModel"
    },
    {
      "id": "efc75872-9a19-4e8c-9787-b329f0eabd12",
      "displayName": "Product Sales Summary",
      "type": "Report"
    }
  ],
  "sourceLakehouses": [],
  "sourceConnections": [
    {
      "id": "b3afd7e7-cb85-41b0-ab9c-a7ad0fb7ff7a",
      "displayName": "Web",
      "type": "Web",
      "path": "https://fabricdevcamp.blob.core.windows.net/sampledata/ProductSales/Dev",
      "credentialType": "Anonymous"
    }
  ]
}